Image,Predicted Gender,Predicted Age
20230722132739408332_segment_1_frame_1.jpg,Male,16
20230722132739408332_segment_2_frame_1.jpg,Female,20
20230722132739408332_segment_3_frame_1.jpg,Female,7
20230722132739408332_segment_4_frame_1.jpg,Female,21
20230722132845647201_segment_1_frame_1.jpg,Female,16
20230722132845647201_segment_2_frame_1.jpg,Male,13
20230722132845647201_segment_3_frame_1.jpg,Female,17
20230722132845647201_segment_4_frame_1.jpg,Female,19
20230722135623423416_segment_1_frame_1.jpg,Female,19
20230722141402084670_segment_1_frame_1.jpg,Female,17
20230722141641880093_segment_1_frame_1.jpg,Female,21
20230722141641880093_segment_2_frame_1.jpg,Male,15
20230722141641880093_segment_3_frame_1.jpg,Male,14
20230722141641880093_segment_4_frame_1.jpg,Male,14
20230722141641880093_segment_5_frame_1.jpg,Male,15
20230722141809151899_segment_1_frame_1.jpg,Female,17
20230722141809151899_segment_2_frame_1.jpg,Female,10
20230722141809151899_segment_3_frame_1.jpg,Female,20
20230722141809151899_segment_4_frame_1.jpg,Female,12
20230722141809151899_segment_5_frame_1.jpg,Female,11
20230722145522578926_segment_1_frame_1.jpg,Female,28
20230722145522578926_segment_2_frame_1.jpg,Male,20
20230722145522578926_segment_3_frame_1.jpg,Female,18
20230722145522578926_segment_4_frame_1.jpg,Male,16
20230722145522578926_segment_5_frame_1.jpg,Female,17
20230722145844028695_segment_1_frame_1.jpg,Female,8
20230722145844028695_segment_2_frame_1.jpg,Female,8
20230722145844028695_segment_3_frame_1.jpg,Female,7
20230722145844028695_segment_4_frame_1.jpg,Male,15
20230722145844028695_segment_5_frame_1.jpg,Female,13
20230722150216532469_segment_1_frame_1.jpg,Female,18
20230722150216532469_segment_2_frame_1.jpg,Female,7
20230722150216532469_segment_3_frame_1.jpg,Female,6
20230722150216532469_segment_4_frame_1.jpg,Female,9
20230722150216532469_segment_5_frame_1.jpg,Female,9
20230722150335272181_segment_1_frame_1.jpg,Female,19
20230722150335272181_segment_2_frame_1.jpg,Female,16
20230722150335272181_segment_3_frame_1.jpg,Female,6
20230722150335272181_segment_4_frame_1.jpg,Female,25
20230722150335272181_segment_5_frame_1.jpg,Female,10
20230722150535546864_segment_1_frame_1.jpg,Female,6
20230722150535546864_segment_2_frame_1.jpg,Female,9
20230722150535546864_segment_3_frame_1.jpg,Female,7
20230722150535546864_segment_4_frame_1.jpg,Female,5
20230722150535546864_segment_5_frame_1.jpg,Female,12
20230722150658577932_segment_1_frame_1.jpg,Female,19
20230722150658577932_segment_2_frame_1.jpg,Male,27
20230722150658577932_segment_3_frame_1.jpg,Female,11
20230722150658577932_segment_4_frame_1.jpg,Female,17
20230722150658577932_segment_5_frame_1.jpg,Male,13
20230722150829700068_segment_1_frame_1.jpg,Male,3
20230722150829700068_segment_2_frame_1.jpg,Male,8
20230722150829700068_segment_3_frame_1.jpg,Male,5
20230722150829700068_segment_4_frame_1.jpg,Male,12
20230722150829700068_segment_5_frame_1.jpg,Female,16
20230722151044522332_segment_1_frame_1.jpg,Male,10
20230722151044522332_segment_2_frame_1.jpg,Male,9
20230722151044522332_segment_3_frame_1.jpg,Male,3
20230722151044522332_segment_4_frame_1.jpg,Male,3
20230722151044522332_segment_5_frame_1.jpg,Male,11
20230722151401850962_segment_1_frame_1.jpg,Male,11
20230722151401850962_segment_2_frame_1.jpg,Male,13
20230722151401850962_segment_3_frame_1.jpg,Male,13
20230722151401850962_segment_4_frame_1.jpg,Male,6
20230722151401850962_segment_5_frame_1.jpg,Male,10
20230722141641880093_segment_1_frame_1.jpg,Female,21
20230722141641880093_segment_2_frame_1.jpg,Male,15
20230722141641880093_segment_3_frame_1.jpg,Male,14
20230722141641880093_segment_4_frame_1.jpg,Male,14
20230722141641880093_segment_5_frame_1.jpg,Male,15
20230722164327510109_segment_1_frame_1.jpg,Male,20
20230722164327510109_segment_2_frame_1.jpg,Male,21
20230722164327510109_segment_3_frame_1.jpg,Male,23
20230722164327510109_segment_4_frame_1.jpg,Male,20
20230722164327510109_segment_5_frame_1.jpg,Male,15
20230722164327510109_segment_1_frame_1.jpg,Male,20
20230722164327510109_segment_2_frame_1.jpg,Male,21
20230722164327510109_segment_3_frame_1.jpg,Male,23
20230722164327510109_segment_4_frame_1.jpg,Male,20
20230722164327510109_segment_5_frame_1.jpg,Male,15
20230722164703191773_segment_1_frame_1.jpg,Male,10
20230722164703191773_segment_2_frame_1.jpg,Female,14
20230722164703191773_segment_3_frame_1.jpg,Female,14
20230722164703191773_segment_4_frame_1.jpg,Female,7
20230722164703191773_segment_5_frame_1.jpg,Female,11
20230722164327510109_segment_1_frame_1.jpg,Male,20
20230722164327510109_segment_2_frame_1.jpg,Male,21
20230722164327510109_segment_3_frame_1.jpg,Male,23
20230722164327510109_segment_4_frame_1.jpg,Male,20
20230722164327510109_segment_5_frame_1.jpg,Male,15
20230722164327510109_segment_1_frame_1.jpg,Male,20
20230722164327510109_segment_2_frame_1.jpg,Male,21
20230722164327510109_segment_3_frame_1.jpg,Male,23
20230722164327510109_segment_4_frame_1.jpg,Male,20
20230722164327510109_segment_5_frame_1.jpg,Male,15
20230722164703191773_segment_1_frame_1.jpg,Male,10
20230722164703191773_segment_2_frame_1.jpg,Female,14
20230722164703191773_segment_3_frame_1.jpg,Female,14
20230722164703191773_segment_4_frame_1.jpg,Female,7
20230722164703191773_segment_5_frame_1.jpg,Female,11
20230722164327510109_segment_1_frame_1.jpg,Male,20
20230722164327510109_segment_2_frame_1.jpg,Male,21
20230722164327510109_segment_3_frame_1.jpg,Male,23
20230722164327510109_segment_4_frame_1.jpg,Male,20
20230722164327510109_segment_5_frame_1.jpg,Male,15
20230722164703191773_segment_1_frame_1.jpg,Male,10
20230722164703191773_segment_2_frame_1.jpg,Female,14
20230722164703191773_segment_3_frame_1.jpg,Female,14
20230722164703191773_segment_4_frame_1.jpg,Female,7
20230722164703191773_segment_5_frame_1.jpg,Female,11
20230722164703191773_segment_1_frame_1.jpg,Male,10
20230722164703191773_segment_2_frame_1.jpg,Female,14
20230722164703191773_segment_3_frame_1.jpg,Female,14
20230722164703191773_segment_4_frame_1.jpg,Female,7
20230722164703191773_segment_5_frame_1.jpg,Female,11
20230722164327510109_segment_1_frame_1.jpg,Male,20
20230722164327510109_segment_2_frame_1.jpg,Male,21
20230722164327510109_segment_3_frame_1.jpg,Male,23
20230722164327510109_segment_4_frame_1.jpg,Male,20
20230722164327510109_segment_5_frame_1.jpg,Male,15
20230722164327510109_segment_1_frame_1.jpg,Male,20
20230722164327510109_segment_2_frame_1.jpg,Male,21
20230722164327510109_segment_3_frame_1.jpg,Male,23
20230722164327510109_segment_4_frame_1.jpg,Male,20
20230722164327510109_segment_5_frame_1.jpg,Male,15
20230722164327510109_segment_1_frame_1.jpg,Male,20
20230722164327510109_segment_2_frame_1.jpg,Male,21
20230722164327510109_segment_3_frame_1.jpg,Male,23
20230722164327510109_segment_4_frame_1.jpg,Male,20
20230722164327510109_segment_5_frame_1.jpg,Male,15
20230722164327510109_segment_1_frame_1.jpg,Male,20
20230722164327510109_segment_2_frame_1.jpg,Male,21
20230722164327510109_segment_3_frame_1.jpg,Male,23
20230722164327510109_segment_4_frame_1.jpg,Male,20
20230722164327510109_segment_5_frame_1.jpg,Male,15
20230722164703191773_segment_1_frame_1.jpg,Male,10
20230722164703191773_segment_2_frame_1.jpg,Female,14
20230722164703191773_segment_3_frame_1.jpg,Female,14
20230722164703191773_segment_4_frame_1.jpg,Female,7
20230722164703191773_segment_5_frame_1.jpg,Female,11
20230722164327510109_segment_1_frame_1.jpg,Male,20
20230722164327510109_segment_2_frame_1.jpg,Male,21
20230722164327510109_segment_3_frame_1.jpg,Male,23
20230722164327510109_segment_4_frame_1.jpg,Male,20
20230722164327510109_segment_5_frame_1.jpg,Male,15
20230722164327510109_segment_1_frame_1.jpg,Male,20
20230722164327510109_segment_2_frame_1.jpg,Male,21
20230722164327510109_segment_3_frame_1.jpg,Male,23
20230722164327510109_segment_4_frame_1.jpg,Male,20
20230722164327510109_segment_5_frame_1.jpg,Male,15
20230722164703191773_segment_1_frame_1.jpg,Male,10
20230722164703191773_segment_2_frame_1.jpg,Female,14
20230722164703191773_segment_3_frame_1.jpg,Female,14
20230722164703191773_segment_4_frame_1.jpg,Female,7
20230722164703191773_segment_5_frame_1.jpg,Female,11
20230722164327510109_segment_1_frame_1.jpg,Male,20
20230722164327510109_segment_2_frame_1.jpg,Male,21
20230722164327510109_segment_3_frame_1.jpg,Male,23
20230722164327510109_segment_4_frame_1.jpg,Male,20
20230722164327510109_segment_5_frame_1.jpg,Male,15
20230722164703191773_segment_1_frame_1.jpg,Male,10
20230722164703191773_segment_2_frame_1.jpg,Female,14
20230722164703191773_segment_3_frame_1.jpg,Female,14
20230722164703191773_segment_4_frame_1.jpg,Female,7
20230722164703191773_segment_5_frame_1.jpg,Female,11
20230722164327510109_segment_1_frame_1.jpg,Male,20
20230722164327510109_segment_2_frame_1.jpg,Male,21
20230722164327510109_segment_3_frame_1.jpg,Male,23
20230722164327510109_segment_4_frame_1.jpg,Male,20
20230722164327510109_segment_5_frame_1.jpg,Male,15
20230722164703191773_segment_1_frame_1.jpg,Male,10
20230722164703191773_segment_2_frame_1.jpg,Female,14
20230722164703191773_segment_3_frame_1.jpg,Female,14
20230722164703191773_segment_4_frame_1.jpg,Female,7
20230722164703191773_segment_5_frame_1.jpg,Female,11
20230722164327510109_segment_1_frame_1.jpg,Male,20
20230722164327510109_segment_2_frame_1.jpg,Male,21
20230722164327510109_segment_3_frame_1.jpg,Male,23
20230722164327510109_segment_4_frame_1.jpg,Male,20
20230722164327510109_segment_5_frame_1.jpg,Male,15
20230722164327510109_segment_1_frame_1.jpg,Male,20
20230722164327510109_segment_2_frame_1.jpg,Male,21
20230722164327510109_segment_3_frame_1.jpg,Male,23
20230722164327510109_segment_4_frame_1.jpg,Male,20
20230722164327510109_segment_5_frame_1.jpg,Male,15
20230722164327510109_segment_1_frame_1.jpg,Male,20
20230722164327510109_segment_2_frame_1.jpg,Male,21
20230722164327510109_segment_3_frame_1.jpg,Male,23
20230722164327510109_segment_4_frame_1.jpg,Male,20
20230722164327510109_segment_5_frame_1.jpg,Male,15
20230722164327510109_segment_1_frame_1.jpg,Male,20
20230722164327510109_segment_2_frame_1.jpg,Male,21
20230722164327510109_segment_3_frame_1.jpg,Male,23
20230722164327510109_segment_4_frame_1.jpg,Male,20
20230722164327510109_segment_5_frame_1.jpg,Male,15
20230722164327510109_segment_1_frame_1.jpg,Male,20
20230722164327510109_segment_2_frame_1.jpg,Male,21
20230722164327510109_segment_3_frame_1.jpg,Male,23
20230722164327510109_segment_4_frame_1.jpg,Male,20
20230722164327510109_segment_5_frame_1.jpg,Male,15
20230722164327510109_segment_1_frame_1.jpg,Male,20
20230722164327510109_segment_2_frame_1.jpg,Male,21
20230722164327510109_segment_3_frame_1.jpg,Male,23
20230722164327510109_segment_4_frame_1.jpg,Male,20
20230722164327510109_segment_5_frame_1.jpg,Male,15
20230722164703191773_segment_1_frame_1.jpg,Male,10
20230722164703191773_segment_2_frame_1.jpg,Female,14
20230722164703191773_segment_3_frame_1.jpg,Female,14
20230722164703191773_segment_4_frame_1.jpg,Female,7
20230722164703191773_segment_5_frame_1.jpg,Female,11
20230722164703191773_segment_1_frame_1.jpg,Male,10
20230722164703191773_segment_2_frame_1.jpg,Female,14
20230722164703191773_segment_3_frame_1.jpg,Female,14
20230722164703191773_segment_4_frame_1.jpg,Female,7
20230722164703191773_segment_5_frame_1.jpg,Female,11
20230722164703191773_segment_1_frame_1.jpg,Male,10
20230722164703191773_segment_2_frame_1.jpg,Female,14
20230722164703191773_segment_3_frame_1.jpg,Female,14
20230722164703191773_segment_4_frame_1.jpg,Female,7
20230722164703191773_segment_5_frame_1.jpg,Female,11
20230722164327510109_segment_1_frame_1.jpg,Male,20
20230722164327510109_segment_2_frame_1.jpg,Male,21
20230722164327510109_segment_3_frame_1.jpg,Male,23
20230722164327510109_segment_4_frame_1.jpg,Male,20
20230722164327510109_segment_5_frame_1.jpg,Male,15
20230722164703191773_segment_1_frame_1.jpg,Male,10
20230722164703191773_segment_2_frame_1.jpg,Female,14
20230722164703191773_segment_3_frame_1.jpg,Female,14
20230722164703191773_segment_4_frame_1.jpg,Female,7
20230722164703191773_segment_5_frame_1.jpg,Female,11
20230722164703191773_segment_1_frame_1.jpg,Male,10
20230722164703191773_segment_2_frame_1.jpg,Female,14
20230722164703191773_segment_3_frame_1.jpg,Female,14
20230722164703191773_segment_4_frame_1.jpg,Female,7
20230722164703191773_segment_5_frame_1.jpg,Female,11
20230722164327510109_segment_1_frame_1.jpg,Male,20
20230722164327510109_segment_2_frame_1.jpg,Male,21
20230722164327510109_segment_3_frame_1.jpg,Male,23
20230722164327510109_segment_4_frame_1.jpg,Male,20
20230722164327510109_segment_5_frame_1.jpg,Male,15
20230722164327510109_segment_1_frame_1.jpg,Male,20
20230722164327510109_segment_2_frame_1.jpg,Male,21
20230722164327510109_segment_3_frame_1.jpg,Male,23
20230722164327510109_segment_4_frame_1.jpg,Male,20
20230722164327510109_segment_5_frame_1.jpg,Male,15
20230722164703191773_segment_1_frame_1.jpg,Male,10
20230722164703191773_segment_2_frame_1.jpg,Female,14
20230722164703191773_segment_3_frame_1.jpg,Female,14
20230722164703191773_segment_4_frame_1.jpg,Female,7
20230722164703191773_segment_5_frame_1.jpg,Female,11
20230722164703191773_segment_1_frame_1.jpg,Male,10
20230722164703191773_segment_2_frame_1.jpg,Female,14
20230722164703191773_segment_3_frame_1.jpg,Female,14
20230722164703191773_segment_4_frame_1.jpg,Female,7
20230722164703191773_segment_5_frame_1.jpg,Female,11
20230722164703191773_segment_1_frame_1.jpg,Male,10
20230722164703191773_segment_2_frame_1.jpg,Female,14
20230722164703191773_segment_3_frame_1.jpg,Female,14
20230722164703191773_segment_4_frame_1.jpg,Female,7
20230722164703191773_segment_5_frame_1.jpg,Female,11
20230722171830157362_segment_1_frame_1.jpg,Male,8
20230722171830157362_segment_2_frame_1.jpg,Male,10
20230722171830157362_segment_3_frame_1.jpg,Male,12
20230722171830157362_segment_4_frame_1.jpg,Male,12
20230722171830157362_segment_5_frame_1.jpg,Female,13
20230722172024217256_segment_1_frame_1.jpg,Female,13
20230722172024217256_segment_2_frame_1.jpg,Female,17
20230722172024217256_segment_3_frame_1.jpg,Female,14
20230722172024217256_segment_4_frame_1.jpg,Female,14
20230722172134372830_segment_1_frame_2.jpg,Female,18
20230722172134372830_segment_2_frame_1.jpg,Female,23
20230722172134372830_segment_4_frame_1.jpg,Female,20
20230722172134372830_segment_1_frame_2.jpg,Female,18
20230722172134372830_segment_2_frame_1.jpg,Female,23
20230722172134372830_segment_4_frame_1.jpg,Female,20
20230722172350874358_segment_1_frame_1.jpg,Female,10
20230722172350874358_segment_2_frame_1.jpg,Female,11
20230722172350874358_segment_3_frame_1.jpg,Female,24
20230722172350874358_segment_4_frame_1.jpg,Female,8
20230722172350874358_segment_5_frame_1.jpg,Female,10
20230722172556882647_segment_1_frame_1.jpg,Female,5
20230722172556882647_segment_2_frame_1.jpg,Female,8
20230722172556882647_segment_3_frame_1.jpg,Female,7
20230722172556882647_segment_4_frame_1.jpg,Female,23
20230724135253997198_segment_1_frame_1.jpg,Male,24
20230724135253997198_segment_2_frame_1.jpg,Male,24
20230724135253997198_segment_3_frame_1.jpg,Male,28
20230724135253997198_segment_4_frame_1.jpg,Male,25
20230724135253997198_segment_5_frame_1.jpg,Male,25
20230724140949742709_segment_1_frame_1.jpg,Female,12
20230724140949742709_segment_2_frame_1.jpg,Male,11
20230724140949742709_segment_4_frame_1.jpg,Female,25
20230724140949742709_segment_1_frame_1.jpg,Female,12
20230724140949742709_segment_2_frame_1.jpg,Male,11
20230724140949742709_segment_4_frame_1.jpg,Female,25
20230724140949742709_segment_1_frame_1.jpg,Female,12
20230724140949742709_segment_2_frame_1.jpg,Male,11
20230724140949742709_segment_4_frame_1.jpg,Female,25
20230724141955660645_segment_1_frame_1.jpg,Male,20
20230724141955660645_segment_2_frame_1.jpg,Male,27
20230724141955660645_segment_3_frame_1.jpg,Male,27
20230724141955660645_segment_4_frame_1.jpg,Male,27
20230724141955660645_segment_5_frame_1.jpg,Male,27
20230724141955660645_segment_1_frame_1.jpg,Male,20
20230724141955660645_segment_2_frame_1.jpg,Male,27
20230724141955660645_segment_3_frame_1.jpg,Male,27
20230724141955660645_segment_4_frame_1.jpg,Male,27
20230724141955660645_segment_5_frame_1.jpg,Male,27
20230724141955660645_segment_1_frame_1.jpg,Male,20
20230724141955660645_segment_2_frame_1.jpg,Male,27
20230724141955660645_segment_3_frame_1.jpg,Male,27
20230724141955660645_segment_4_frame_1.jpg,Male,27
20230724141955660645_segment_5_frame_1.jpg,Male,27
20230724141955660645_segment_1_frame_1.jpg,Male,20
20230724141955660645_segment_2_frame_1.jpg,Male,27
20230724141955660645_segment_3_frame_1.jpg,Male,27
20230724141955660645_segment_4_frame_1.jpg,Male,27
20230724141955660645_segment_5_frame_1.jpg,Male,27
20230724141955660645_segment_1_frame_1.jpg,Male,20
20230724141955660645_segment_2_frame_1.jpg,Male,27
20230724141955660645_segment_3_frame_1.jpg,Male,27
20230724141955660645_segment_4_frame_1.jpg,Male,27
20230724141955660645_segment_5_frame_1.jpg,Male,27
20230724141955660645_segment_1_frame_1.jpg,Male,20
20230724141955660645_segment_2_frame_1.jpg,Male,27
20230724141955660645_segment_3_frame_1.jpg,Male,27
20230724141955660645_segment_4_frame_1.jpg,Male,27
20230724141955660645_segment_5_frame_1.jpg,Male,27
20230724142634258648_segment_1_frame_1.jpg,Male,10
20230724142634258648_segment_2_frame_1.jpg,Female,10
20230724142634258648_segment_3_frame_1.jpg,Male,8
20230724142634258648_segment_4_frame_1.jpg,Female,14
20230724142634258648_segment_5_frame_1.jpg,Female,10
20230724142634258648_segment_1_frame_1.jpg,Male,10
20230724142634258648_segment_2_frame_1.jpg,Female,10
20230724142634258648_segment_3_frame_1.jpg,Male,8
20230724142634258648_segment_4_frame_1.jpg,Female,14
20230724142634258648_segment_5_frame_1.jpg,Female,10
20230724142634258648_segment_1_frame_1.jpg,Male,10
20230724142634258648_segment_2_frame_1.jpg,Female,10
20230724142634258648_segment_3_frame_1.jpg,Male,8
20230724142634258648_segment_4_frame_1.jpg,Female,14
20230724142634258648_segment_5_frame_1.jpg,Female,10
20230724142634258648_segment_1_frame_1.jpg,Male,10
20230724142634258648_segment_2_frame_1.jpg,Female,10
20230724142634258648_segment_3_frame_1.jpg,Male,8
20230724142634258648_segment_4_frame_1.jpg,Female,14
20230724142634258648_segment_5_frame_1.jpg,Female,10
20230724142634258648_segment_1_frame_1.jpg,Male,10
20230724142634258648_segment_2_frame_1.jpg,Female,10
20230724142634258648_segment_3_frame_1.jpg,Male,8
20230724142634258648_segment_4_frame_1.jpg,Female,14
20230724142634258648_segment_5_frame_1.jpg,Female,10
20230724141955660645_segment_1_frame_1.jpg,Male,20
20230724141955660645_segment_2_frame_1.jpg,Male,27
20230724141955660645_segment_3_frame_1.jpg,Male,27
20230724141955660645_segment_4_frame_1.jpg,Male,27
20230724141955660645_segment_5_frame_1.jpg,Male,27
20230724142634258648_segment_1_frame_1.jpg,Male,10
20230724142634258648_segment_2_frame_1.jpg,Female,10
20230724142634258648_segment_3_frame_1.jpg,Male,8
20230724142634258648_segment_4_frame_1.jpg,Female,14
20230724142634258648_segment_5_frame_1.jpg,Female,10
20230724141955660645_segment_1_frame_1.jpg,Male,20
20230724141955660645_segment_2_frame_1.jpg,Male,27
20230724141955660645_segment_3_frame_1.jpg,Male,27
20230724141955660645_segment_4_frame_1.jpg,Male,27
20230724141955660645_segment_5_frame_1.jpg,Male,27
20230724142634258648_segment_1_frame_1.jpg,Male,10
20230724142634258648_segment_2_frame_1.jpg,Female,10
20230724142634258648_segment_3_frame_1.jpg,Male,8
20230724142634258648_segment_4_frame_1.jpg,Female,14
20230724142634258648_segment_5_frame_1.jpg,Female,10
20230724141955660645_segment_1_frame_1.jpg,Male,20
20230724141955660645_segment_2_frame_1.jpg,Male,27
20230724141955660645_segment_3_frame_1.jpg,Male,27
20230724141955660645_segment_4_frame_1.jpg,Male,27
20230724141955660645_segment_5_frame_1.jpg,Male,27
20230724141955660645_segment_1_frame_1.jpg,Male,20
20230724141955660645_segment_2_frame_1.jpg,Male,27
20230724141955660645_segment_3_frame_1.jpg,Male,27
20230724141955660645_segment_4_frame_1.jpg,Male,27
20230724141955660645_segment_5_frame_1.jpg,Male,27
20230724141955660645_segment_1_frame_1.jpg,Male,20
20230724141955660645_segment_2_frame_1.jpg,Male,27
20230724141955660645_segment_3_frame_1.jpg,Male,27
20230724141955660645_segment_4_frame_1.jpg,Male,27
20230724141955660645_segment_5_frame_1.jpg,Male,27
20230724141955660645_segment_1_frame_1.jpg,Male,20
20230724141955660645_segment_2_frame_1.jpg,Male,27
20230724141955660645_segment_3_frame_1.jpg,Male,27
20230724141955660645_segment_4_frame_1.jpg,Male,27
20230724141955660645_segment_5_frame_1.jpg,Male,27
20230724141955660645_segment_1_frame_1.jpg,Male,20
20230724141955660645_segment_2_frame_1.jpg,Male,27
20230724141955660645_segment_3_frame_1.jpg,Male,27
20230724141955660645_segment_4_frame_1.jpg,Male,27
20230724141955660645_segment_5_frame_1.jpg,Male,27
20230724141955660645_segment_1_frame_1.jpg,Male,20
20230724141955660645_segment_2_frame_1.jpg,Male,27
20230724141955660645_segment_3_frame_1.jpg,Male,27
20230724141955660645_segment_4_frame_1.jpg,Male,27
20230724141955660645_segment_5_frame_1.jpg,Male,27
20230724141955660645_segment_1_frame_1.jpg,Male,20
20230724141955660645_segment_2_frame_1.jpg,Male,27
20230724141955660645_segment_3_frame_1.jpg,Male,27
20230724141955660645_segment_4_frame_1.jpg,Male,27
20230724141955660645_segment_5_frame_1.jpg,Male,27
20230724142634258648_segment_1_frame_1.jpg,Male,10
20230724142634258648_segment_2_frame_1.jpg,Female,10
20230724142634258648_segment_3_frame_1.jpg,Male,8
20230724142634258648_segment_4_frame_1.jpg,Female,14
20230724142634258648_segment_5_frame_1.jpg,Female,10
20230724141955660645_segment_1_frame_1.jpg,Male,20
20230724141955660645_segment_2_frame_1.jpg,Male,27
20230724141955660645_segment_3_frame_1.jpg,Male,27
20230724141955660645_segment_4_frame_1.jpg,Male,27
20230724141955660645_segment_5_frame_1.jpg,Male,27
20230724142634258648_segment_1_frame_1.jpg,Male,10
20230724142634258648_segment_2_frame_1.jpg,Female,10
20230724142634258648_segment_3_frame_1.jpg,Male,8
20230724142634258648_segment_4_frame_1.jpg,Female,14
20230724142634258648_segment_5_frame_1.jpg,Female,10
20230724141955660645_segment_1_frame_1.jpg,Male,20
20230724141955660645_segment_2_frame_1.jpg,Male,27
20230724141955660645_segment_3_frame_1.jpg,Male,27
20230724141955660645_segment_4_frame_1.jpg,Male,27
20230724141955660645_segment_5_frame_1.jpg,Male,27
20230724142634258648_segment_1_frame_1.jpg,Male,10
20230724142634258648_segment_2_frame_1.jpg,Female,10
20230724142634258648_segment_3_frame_1.jpg,Male,8
20230724142634258648_segment_4_frame_1.jpg,Female,14
20230724142634258648_segment_5_frame_1.jpg,Female,10
20230724142634258648_segment_1_frame_1.jpg,Male,10
20230724142634258648_segment_2_frame_1.jpg,Female,10
20230724142634258648_segment_3_frame_1.jpg,Male,8
20230724142634258648_segment_4_frame_1.jpg,Female,14
20230724142634258648_segment_5_frame_1.jpg,Female,10
20230724142634258648_segment_1_frame_1.jpg,Male,10
20230724142634258648_segment_2_frame_1.jpg,Female,10
20230724142634258648_segment_3_frame_1.jpg,Male,8
20230724142634258648_segment_4_frame_1.jpg,Female,14
20230724142634258648_segment_5_frame_1.jpg,Female,10
20230724142634258648_segment_1_frame_1.jpg,Male,10
20230724142634258648_segment_2_frame_1.jpg,Female,10
20230724142634258648_segment_3_frame_1.jpg,Male,8
20230724142634258648_segment_4_frame_1.jpg,Female,14
20230724142634258648_segment_5_frame_1.jpg,Female,10
20230724142634258648_segment_1_frame_1.jpg,Male,10
20230724142634258648_segment_2_frame_1.jpg,Female,10
20230724142634258648_segment_3_frame_1.jpg,Male,8
20230724142634258648_segment_4_frame_1.jpg,Female,14
20230724142634258648_segment_5_frame_1.jpg,Female,10
20230724142634258648_segment_1_frame_1.jpg,Male,10
20230724142634258648_segment_2_frame_1.jpg,Female,10
20230724142634258648_segment_3_frame_1.jpg,Male,8
20230724142634258648_segment_4_frame_1.jpg,Female,14
20230724142634258648_segment_5_frame_1.jpg,Female,10
20230724142634258648_segment_1_frame_1.jpg,Male,10
20230724142634258648_segment_2_frame_1.jpg,Female,10
20230724142634258648_segment_3_frame_1.jpg,Male,8
20230724142634258648_segment_4_frame_1.jpg,Female,14
20230724142634258648_segment_5_frame_1.jpg,Female,10
20230724141955660645_segment_1_frame_1.jpg,Male,20
20230724141955660645_segment_2_frame_1.jpg,Male,27
20230724141955660645_segment_3_frame_1.jpg,Male,27
20230724141955660645_segment_4_frame_1.jpg,Male,27
20230724141955660645_segment_5_frame_1.jpg,Male,27
20230724141955660645_segment_1_frame_1.jpg,Male,20
20230724141955660645_segment_2_frame_1.jpg,Male,27
20230724141955660645_segment_3_frame_1.jpg,Male,27
20230724141955660645_segment_4_frame_1.jpg,Male,27
20230724141955660645_segment_5_frame_1.jpg,Male,27
20230724141955660645_segment_1_frame_1.jpg,Male,20
20230724141955660645_segment_2_frame_1.jpg,Male,27
20230724141955660645_segment_3_frame_1.jpg,Male,27
20230724141955660645_segment_4_frame_1.jpg,Male,27
20230724141955660645_segment_5_frame_1.jpg,Male,27
20230724141955660645_segment_1_frame_1.jpg,Male,20
20230724141955660645_segment_2_frame_1.jpg,Male,27
20230724141955660645_segment_3_frame_1.jpg,Male,27
20230724141955660645_segment_4_frame_1.jpg,Male,27
20230724141955660645_segment_5_frame_1.jpg,Male,27
20230724141955660645_segment_1_frame_1.jpg,Male,20
20230724141955660645_segment_2_frame_1.jpg,Male,27
20230724141955660645_segment_3_frame_1.jpg,Male,27
20230724141955660645_segment_4_frame_1.jpg,Male,27
20230724141955660645_segment_5_frame_1.jpg,Male,27
20230724142634258648_segment_1_frame_1.jpg,Male,10
20230724142634258648_segment_2_frame_1.jpg,Female,10
20230724142634258648_segment_3_frame_1.jpg,Male,8
20230724142634258648_segment_4_frame_1.jpg,Female,14
20230724142634258648_segment_5_frame_1.jpg,Female,10
20230724142634258648_segment_1_frame_1.jpg,Male,10
20230724142634258648_segment_2_frame_1.jpg,Female,10
20230724142634258648_segment_3_frame_1.jpg,Male,8
20230724142634258648_segment_4_frame_1.jpg,Female,14
20230724142634258648_segment_5_frame_1.jpg,Female,10
20230724142634258648_segment_1_frame_1.jpg,Male,10
20230724142634258648_segment_2_frame_1.jpg,Female,10
20230724142634258648_segment_3_frame_1.jpg,Male,8
20230724142634258648_segment_4_frame_1.jpg,Female,14
20230724142634258648_segment_5_frame_1.jpg,Female,10
20230724142634258648_segment_1_frame_1.jpg,Male,10
20230724142634258648_segment_2_frame_1.jpg,Female,10
20230724142634258648_segment_3_frame_1.jpg,Male,8
20230724142634258648_segment_4_frame_1.jpg,Female,14
20230724142634258648_segment_5_frame_1.jpg,Female,10
20230724142634258648_segment_1_frame_1.jpg,Male,10
20230724142634258648_segment_2_frame_1.jpg,Female,10
20230724142634258648_segment_3_frame_1.jpg,Male,8
20230724142634258648_segment_4_frame_1.jpg,Female,14
20230724142634258648_segment_5_frame_1.jpg,Female,10
20230724142634258648_segment_1_frame_1.jpg,Male,10
20230724142634258648_segment_2_frame_1.jpg,Female,10
20230724142634258648_segment_3_frame_1.jpg,Male,8
20230724142634258648_segment_4_frame_1.jpg,Female,14
20230724142634258648_segment_5_frame_1.jpg,Female,10
20230724142634258648_segment_1_frame_1.jpg,Male,10
20230724142634258648_segment_2_frame_1.jpg,Female,10
20230724142634258648_segment_3_frame_1.jpg,Male,8
20230724142634258648_segment_4_frame_1.jpg,Female,14
20230724142634258648_segment_5_frame_1.jpg,Female,10
20230724142634258648_segment_1_frame_1.jpg,Male,10
20230724142634258648_segment_2_frame_1.jpg,Female,10
20230724142634258648_segment_3_frame_1.jpg,Male,8
20230724142634258648_segment_4_frame_1.jpg,Female,14
20230724142634258648_segment_5_frame_1.jpg,Female,10
20230724142634258648_segment_1_frame_1.jpg,Male,10
20230724142634258648_segment_2_frame_1.jpg,Female,10
20230724142634258648_segment_3_frame_1.jpg,Male,8
20230724142634258648_segment_4_frame_1.jpg,Female,14
20230724142634258648_segment_5_frame_1.jpg,Female,10
20230724141955660645_segment_1_frame_1.jpg,Male,20
20230724141955660645_segment_2_frame_1.jpg,Male,27
20230724141955660645_segment_3_frame_1.jpg,Male,27
20230724141955660645_segment_4_frame_1.jpg,Male,27
20230724141955660645_segment_5_frame_1.jpg,Male,27
20230724142634258648_segment_1_frame_1.jpg,Male,10
20230724142634258648_segment_2_frame_1.jpg,Female,10
20230724142634258648_segment_3_frame_1.jpg,Male,8
20230724142634258648_segment_4_frame_1.jpg,Female,14
20230724142634258648_segment_5_frame_1.jpg,Female,10
20230724142634258648_segment_1_frame_1.jpg,Male,10
20230724142634258648_segment_2_frame_1.jpg,Female,10
20230724142634258648_segment_3_frame_1.jpg,Male,8
20230724142634258648_segment_4_frame_1.jpg,Female,14
20230724142634258648_segment_5_frame_1.jpg,Female,10
20230724142634258648_segment_1_frame_1.jpg,Male,10
20230724142634258648_segment_2_frame_1.jpg,Female,10
20230724142634258648_segment_3_frame_1.jpg,Male,8
20230724142634258648_segment_4_frame_1.jpg,Female,14
20230724142634258648_segment_5_frame_1.jpg,Female,10
20230724141955660645_segment_1_frame_1.jpg,Male,20
20230724141955660645_segment_2_frame_1.jpg,Male,27
20230724141955660645_segment_3_frame_1.jpg,Male,27
20230724141955660645_segment_4_frame_1.jpg,Male,27
20230724141955660645_segment_5_frame_1.jpg,Male,27
20230724142634258648_segment_1_frame_1.jpg,Male,10
20230724142634258648_segment_2_frame_1.jpg,Female,10
20230724142634258648_segment_3_frame_1.jpg,Male,8
20230724142634258648_segment_4_frame_1.jpg,Female,14
20230724142634258648_segment_5_frame_1.jpg,Female,10
20230724151134966570_segment_1_frame_1.jpg,Male,18
20230724151134966570_segment_2_frame_1.jpg,Male,23
20230724151134966570_segment_3_frame_1.jpg,Male,20
20230724151442966247_segment_1_frame_1.jpg,Male,22
20230724151442966247_segment_2_frame_1.jpg,Female,10
20230724151442966247_segment_3_frame_4.jpg,Female,12
20230724151442966247_segment_4_frame_1.jpg,Female,17
20230724151852578313_segment_1_frame_1.jpg,Male,11
20230724151852578313_segment_2_frame_1.jpg,Female,18
20230724151852578313_segment_3_frame_1.jpg,Female,15
20230724151852578313_segment_4_frame_1.jpg,Female,18
20230724161539364573_segment_1_frame_1.jpg,Male,34
20230724161539364573_segment_2_frame_1.jpg,Female,26
20230724161539364573_segment_3_frame_1.jpg,Male,27
20230724161539364573_segment_4_frame_1.jpg,Male,28
20230724161539364573_segment_5_frame_1.jpg,Male,32
20230724164340848267_segment_1_frame_1.jpg,Male,21
20230724164340848267_segment_2_frame_1.jpg,Male,20
20230724164340848267_segment_3_frame_1.jpg,Male,28
20230724164340848267_segment_4_frame_1.jpg,Male,30
20230724164340848267_segment_5_frame_1.jpg,Male,27
20230724172145435195_segment_2_frame_1.jpg,Female,10
20230724172145435195_segment_3_frame_2.jpg,Male,34
20230724172145435195_segment_4_frame_1.jpg,Male,19
20230724172151359419_segment_1_frame_1.jpg,Female,17
20230724172151359419_segment_2_frame_1.jpg,Female,8
20230724172151359419_segment_3_frame_1.jpg,Female,14
20230724172151359419_segment_4_frame_1.jpg,Female,19
20230724172151359419_segment_5_frame_1.jpg,Female,23
20230724172149186478_segment_1_frame_1.jpg,Male,4
20230724172149186478_segment_2_frame_1.jpg,Male,14
20230724172149186478_segment_3_frame_1.jpg,Male,19
20230724172149186478_segment_4_frame_1.jpg,Female,9
20230724172149186478_segment_5_frame_1.jpg,Male,10
20230724180741344798_segment_1_frame_1.jpg,Female,16
20230724180741344798_segment_2_frame_1.jpg,Female,17
20230724180741344798_segment_3_frame_1.jpg,Female,16
20230724180741344798_segment_4_frame_1.jpg,Female,18
20230724190117093154_segment_1_frame_1.jpg,Female,12
20230724190117093154_segment_2_frame_1.jpg,Female,25
20230724190117093154_segment_3_frame_1.jpg,Male,15
20230724190117093154_segment_4_frame_1.jpg,Female,13
20230724190117093154_segment_5_frame_1.jpg,Female,24
20230724190214039291_segment_1_frame_1.jpg,Female,33
20230724190214039291_segment_3_frame_1.jpg,Male,14
20230724190214039291_segment_4_frame_1.jpg,Female,24
20230724190214039291_segment_5_frame_1.jpg,Female,22
20230724191044502390_segment_1_frame_1.jpg,Male,25
20230724191044502390_segment_2_frame_1.jpg,Male,31
20230724191044502390_segment_3_frame_1.jpg,Male,19
20230724191044502390_segment_4_frame_1.jpg,Male,20
20230724191139526660_segment_1_frame_1.jpg,Female,32
20230724191139526660_segment_2_frame_1.jpg,Male,20
20230724191139526660_segment_3_frame_1.jpg,Male,16
20230724191139526660_segment_4_frame_1.jpg,Male,33
20230724191139526660_segment_5_frame_1.jpg,Male,39
20230724191428022537_segment_1_frame_1.jpg,Male,14
20230724191428022537_segment_2_frame_1.jpg,Male,16
20230724191428022537_segment_3_frame_1.jpg,Female,18
20230724191428022537_segment_4_frame_1.jpg,Male,17
20230724191428022537_segment_5_frame_1.jpg,Male,16
